"","Facility.ID","FACILITY.NAME","ADDRESS","CITY","STATE","ZIP.CODE","AREA.CODE","PHONE","fullAddress","lon","lat"
"1",10098,"SLHS ELMORE TRINITY MOUNTAIN MEDICAL CLINIC","465 MCKENNA DRIVE","MOUNTAIN HOME","Idaho","83647","208","208-587-9703","465 MCKENNA DRIVE, MOUNTAIN HOME, Idaho, 83647",-115.694649,43.13899
"2",10099,"MERIDIAN SURGICAL CENTER",NA,NA,NA,NA,"208","208-706-8101","NA, NA, NA, NA",18.49041,-22.95764
"3",10100,"SLHS BOISE MEDICAL CENTER","190 EAST BANNOCK STREET","BOISE","Idaho","83712","208","381-2222","190 EAST BANNOCK STREET, BOISE, Idaho, 83712",-116.1924344,43.6125798
"4",10101,"SLHS ST LUKES EAGLE MEDICAL CENTER","3101 EAST STATE STREET","EAGLE","Idaho","83616","208","473-3000","3101 EAST STATE STREET, EAGLE, Idaho, 83616",-116.3163704,43.6818299
"5",10102,"SLHS MERIDIAN MEDICAL CENTER","520 SOUTH EAGLE ROAD","MERIDIAN","Idaho","83642","208","706-5000","520 SOUTH EAGLE ROAD, MERIDIAN, Idaho, 83642",-116.3524898,43.5993675
"6",10103,"SLHS ANDERSON CENTER SOUTH TOWER","100 EAST IDAHO STREET","BOISE","Idaho","83712","208","381-7312","100 EAST IDAHO STREET, BOISE, Idaho, 83712",-116.1935105,43.6120865
"7",10104,"SLHS BI COPPLE","100 EAST WARM SPRINGS AVENUE SUITE B","BOISE","Idaho","83702","208","381-6930","100 EAST WARM SPRINGS AVENUE SUITE B, BOISE, Idaho, 83702",-116.195161,43.6114285
"8",10105,"SLHS CENTER FOR BREAST IMAGING","100 EAST BANNOCK STREET","BOISE","Idaho","83712","208","381-2983","100 EAST BANNOCK STREET, BOISE, Idaho, 83712",-116.1926346,43.6123886
"9",10106,"SLHS PIONEER PLAZA","109 WEST MYRTLE STREET SUITE 200","BOISE","Idaho","83702","208","383-0201","109 WEST MYRTLE STREET SUITE 200, BOISE, Idaho, 83702",-116.1982878,43.6084147
"10",10107,"SLHS BOISE HUMPHREYS DIABETES CENTER","1226 WEST RIVER STREET","BOISE","Idaho","83702","208","331-1155","1226 WEST RIVER STREET, BOISE, Idaho, 83702",-116.2139743,43.6144581
"11",10108,"SLHS IDAHO PROFESSIONAL BUILDING","125 EAST IDAHO STREET","BOISE","Idaho","83702","208","381-7300","125 EAST IDAHO STREET, BOISE, Idaho, 83702",-116.1951715,43.6125176
"12",10109,"SLHS IDAHO FAMILY PHYSICIANS","130 EAST BOISE AVENUE","BOISE","Idaho","83706","208",NA,"130 EAST BOISE AVENUE, BOISE, Idaho, 83706",-116.182265,43.585785
"13",10110,"SLHS ORTHO SURGERY CENTER","1425 WEST RIVER STREET","BOISE","Idaho","83702","208","342-1932","1425 WEST RIVER STREET, BOISE, Idaho, 83702",-116.216094,43.6163385
"14",10111,"SLHS PLAZA 1520","1520 WEST STATE STREET SUITE 100","BOISE","Idaho","83702","208","947-7700","1520 WEST STATE STREET SUITE 100, BOISE, Idaho, 83702",-116.2091363,43.6233778
"15",10112,"SLHS EAST FAMILY HEALTH","2083 HOSPITATLITY LANE","BOISE","Idaho","83716","208","333-8345","2083 HOSPITATLITY LANE, BOISE, Idaho, 83716",-116.157426,43.5405721
"16",10113,"SLHS ANDERSON PLAZA MEDICAL BUILDING","222 NORTH 2ND STREET","BOISE","Idaho","83702","208","381-3915","222 NORTH 2ND STREET, BOISE, Idaho, 83702",-116.1949348,43.6131093
"17",10114,"SLHS EAST BREAST CARE SERVICES","247 WEST WASHINTON STREET","BOISE","Idaho","83702","208","381-2059","247 WEST WASHINTON STREET, BOISE, Idaho, 83702",-116.1938402,43.6161301
"18",10115,"SLHS BOISE HEART","287 WEST JEFFERSON STREET","BOISE","Idaho","83702","208","343-7940","287 WEST JEFFERSON STREET, BOISE, Idaho, 83702",-116.195293,43.614568
"19",10116,"SLHS JEFFERSON MEDICAL OFFICE PLAZA","300 EAST JEFFERSON","BOISE","Idaho","83712","208","381-4100","300 EAST JEFFERSON, BOISE, Idaho, 83712",-116.1902849,43.6127171
"20",10117,"SLHS REFERENCE LAB","3000 SOUTH DENVER WAY","BOISE","Idaho","83705","208",NA,"3000 SOUTH DENVER WAY, BOISE, Idaho, 83705",-116.195753,43.5747829
"21",10118,"SLHS BOISE HOME CARE","325 WEST IDAHO STREET","BOISE","Idaho","83702","208","381-2138","325 WEST IDAHO STREET, BOISE, Idaho, 83702",-116.1980027,43.6136111
"22",10119,"SLHS MOUNTAIN VIEW MEDICAL CENTER","3301 NORTH SAWGRASS WAY","BOISE","Idaho","83704","208",NA,"3301 NORTH SAWGRASS WAY, BOISE, Idaho, 83704",-116.2815024,43.6347892
"23",10120,"SLHS BOISE MEDICAL OFFICE PLAZA","333 NORTH 1ST STREET","BOISE","Idaho","83712","208",NA,"333 NORTH 1ST STREET, BOISE, Idaho, 83712",-116.1931537,43.6136458
"24",10121,"SLHS IDAHO ENDOCRINOLOGY","403 SOUTH 11TH STREET SUITE 100","BOISE","Idaho","83702","208",NA,"403 SOUTH 11TH STREET SUITE 100, BOISE, Idaho, 83702",-116.2100176,43.6147066
"25",10122,"SLHS CLOVERDALE INTERNAL MEDICINE","4840 NORTH CLOVERDALE ROAD","BOISE","Idaho","83713","208","706-8000","4840 NORTH CLOVERDALE ROAD, BOISE, Idaho, 83713",-116.3344439,43.6489697
"26",10123,"SLHS ELKS PROFESSIONAL BUILDING","510 NORTH 2ND STREET SUITE 103","BOISE","Idaho","83702","208","381-4700","510 NORTH 2ND STREET SUITE 103, BOISE, Idaho, 83702",-116.1927531,43.6150599
"27",10124,"SLHS HAYS STREET OFFICE PLAZA","610 WEST HAYS STREET","BOISE","Idaho","83702","208","345-3530","610 WEST HAYS STREET, BOISE, Idaho, 83702",-116.1961562,43.6201945
"28",10125,"SLHS PARKCENTER CLINIC","701 EAST PARKCENTER BLVD","BOISE","Idaho","83706","208","381-6500","701 EAST PARKCENTER BLVD, BOISE, Idaho, 83706",-116.1753718,43.5894268
"29",10126,"SLHS AMERICANA","703 AMERICANA","BOISE","Idaho","83702","208","706-7500","703 AMERICANA, BOISE, Idaho, 83702",-116.2193782,43.61752
"30",10127,"SLHS RIFLEMAN BCS","8050 WEST RIFLEMAN SUITE 300","BOISE","Idaho","83704","208","381-8720","8050 WEST RIFLEMAN SUITE 300, BOISE, Idaho, 83704",-116.282472,43.6131529
"31",10128,"SLHS MERIDIAN TREASURE VALLEY PEDIATRICS","1620 SOUTH CELEBRATION AVENUE","MERIDIAN","Idaho","83642","208","884-1030","1620 SOUTH CELEBRATION AVENUE, MERIDIAN, Idaho, 83642",-116.3653809,43.5898447
"32",10129,"SLHS GALA STREET COMPLEX","2347 EAST GALA STREET","MERIDIAN","Idaho","83642","208",NA,"2347 EAST GALA STREET, MERIDIAN, Idaho, 83642",-116.3656259,43.5883223
"33",10130,"SLHS MERIDIAN FAMILY HEALTH","3090 GENTRY WAY SUITE 200","MERIDIAN","Idaho","83642","208","887-6813","3090 GENTRY WAY SUITE 200, MERIDIAN, Idaho, 83642",-116.355648,43.598413
"34",10131,"SLHS TEN MILE FAMILY HEALTH","3140 WEST MILANO DRIVE SUITE 150","MERIDIAN","Idaho","83646","208","887-4775","3140 WEST MILANO DRIVE SUITE 150, MERIDIAN, Idaho, 83646",-116.4328915,43.6512177
"35",10132,"SLHS MEADOWLAKE","3525 EAST LOUISE DRIVE SUITE 320","MERIDIAN","Idaho","83642","208","706-5670","3525 EAST LOUISE DRIVE SUITE 320, MERIDIAN, Idaho, 83642",-116.3499193,43.6017684
"36",10133,"SLHS MERIDIAN MEDICAL OFFICE PLAZA","520 SOUTH EAGLE ROAD","MERIDIAN","Idaho","83642","208","706-2200","520 SOUTH EAGLE ROAD, MERIDIAN, Idaho, 83642",-116.3524898,43.5993675
"37",10134,"SLHS CALDWELL MOUNTAIN STATES UROLOGY","1620 SOUTH KIMBALL AVENUE","CALDWELL","Idaho","83605","208",NA,"1620 SOUTH KIMBALL AVENUE, CALDWELL, Idaho, 83605",-116.6984729,43.6555111
"38",10135,"SLHS CALDWELL BCS","229 EAST LOGAN","CALDWELL","Idaho","83605","208","463-6080","229 EAST LOGAN, CALDWELL, Idaho, 83605",-116.6958615,43.6553362
"39",10136,"SLHS CALDWELL IDAHO CARDIOLOGY","315 EAST ELM SUITE 350","CALDWELL","Idaho","83605","208",NA,"315 EAST ELM SUITE 350, CALDWELL, Idaho, 83605",-116.694786,43.653882
"40",10137,"SLHS EMMETT HUMPHREYS DIABETES CENTER","202 EASST LOCUST STREET","EMMETT","Idaho","83617","208",NA,"202 EASST LOCUST STREET, EMMETT, Idaho, 83617",-116.466792,43.879118
"41",10138,"SLHS FRUITLAND VISITING PHYSICIAN LOCATION","1107 NORTHWEST 11TH STREET","FRUITLAND","Idaho","83619","208",NA,"1107 NORTHWEST 11TH STREET, FRUITLAND, Idaho, 83619",-116.9253292,44.0218203
"42",10139,"SLHS FRUITLAND MEDICAL FACILITY","1118 NORTHWEST 16TH STREET #D","FRUITLAND","Idaho","83619","208",NA,"1118 NORTHWEST 16TH STREET #D, FRUITLAND, Idaho, 83619",-97.531442,35.48578
"43",10140,"SLHS FRUITLAND MEDICAL CENTER","1210 NORTHWEST 16TH STREET","FRUITLAND","Idaho","83619","208","452-8600","1210 NORTHWEST 16TH STREET, FRUITLAND, Idaho, 83619",-116.9290768,44.0248559
"44",10141,"SLHS NAMPA IDAHO CARDIOLOGY ASSCOCIATES","215 EAST HAWAII AVENUE","NAMPA","Idaho","83687","208",NA,"215 EAST HAWAII AVENUE, NAMPA, Idaho, 83687",-116.5706234,43.554591
"45",10142,"SLHS NAMPA MSTI","308 EAST HAWAII AVENUE","NAMPA","Idaho","83686","208","467-6700","308 EAST HAWAII AVENUE, NAMPA, Idaho, 83686",-116.569745,43.555674
"46",10143,"SLHS NAMPA HUMPHREYS DIABETES CENTER","4400 EAST FLAMINGO AVENUE","NAMPA","Idaho","83687","208","884-4220","4400 EAST FLAMINGO AVENUE, NAMPA, Idaho, 83687",-116.5172473,43.5975823
"47",10144,"SLHS SLIPA SLEEP MOUNTAIN HOME","890 NORTH 6TH EAST","MOUNTAIN HOME","Idaho","83647","208",NA,"890 NORTH 6TH EAST, MOUNTAIN HOME, Idaho, 83647",-115.6924959,43.1391695
"48",10145,"SLHS HP CLINIC","1131 CHINDEN BLVD","BOISE","Idaho","83714","208","396-7170","1131 CHINDEN BLVD, BOISE, Idaho, 83714",-116.2740117,43.6460803
"49",10146,"SLHS WEST FAMILY HEALTH","12080 WEST MCMILLAN ROAD","BOISE","Idaho","83713","208","375-4955","12080 WEST MCMILLAN ROAD, BOISE, Idaho, 83713",-116.3475458,43.6484071
"50",10147,"SLHS ELMORE MEDICAL OFFICE PLAZA","895 NORTH 6TH EAST","MOUNTAIN HOME","Idaho","83647","208",NA,"895 NORTH 6TH EAST, MOUNTAIN HOME, Idaho, 83647",-115.6930234,43.1387856
"51",10148,"SLHS SLEEP LAB GALA SITE","2347 EAST GALA STREET","MERIDIAN","Idaho","83642","208","706-5380","2347 EAST GALA STREET, MERIDIAN, Idaho, 83642",-116.3656259,43.5883223
"52",10149,"SLHS WEISER REGIONAL CLINIC","645 E 5TH STREET","WEISER","Idaho","83672","208",NA,"645 E 5TH STREET, WEISER, Idaho, 83672",-116.9621748,44.248733
"53",10150,"IDAHO ELKS REHABILITATION HOSPITAL","600 N ROBBINS ROAD","BOISE","Idaho","83702","208",NA,"600 N ROBBINS ROAD, BOISE, Idaho, 83702",-116.1931489,43.616272
"54",10151,"ADA COUNTY FAMILY ADVOCATE CENTER","417 S 6TH STREET","BOISE","Idaho","83702","208",NA,"417 S 6TH STREET, BOISE, Idaho, 83702",-116.204004,43.611929
"55",10152,"ELMORE REGIONAL CLINIC","890 N 6TH EAST","MOUNTAIN HOME","Idaho","83647","208",NA,"890 N 6TH EAST, MOUNTAIN HOME, Idaho, 83647",-115.6924959,43.1391695
"56",10153,"PORTICO EAST","3399 E LOUISE DRIVE","MERIDIAN","Idaho","83642","208","208-364-3000","3399 E LOUISE DRIVE, MERIDIAN, Idaho, 83642",-116.3525247,43.6014835
"57",10154,"SLHS COBBLESTONE BUILDING","450 W STATE STREET","EAGLE","Idaho","83616","208","208-939-1035","450 W STATE STREET, EAGLE, Idaho, 83616",-116.3593727,43.6955335
"58",10155,"SLHS FRUITLAND MEDICAL CLINIC","1107 NW 11TH STREET","FRUITLAND","Idaho","83619","208",NA,"1107 NW 11TH STREET, FRUITLAND, Idaho, 83619",-116.9253292,44.0218203
"59",10156,"SLHS MERIDIAN PROGRESS STREET CENTER","977 S PROGRESS WAY","MERIDIAN","Idaho","83642","208",NA,"977 S PROGRESS WAY, MERIDIAN, Idaho, 83642",-116.3928673,43.5959038
"60",10160,"SLHS FIRST STREET OFFICE COMPLEX","414 N FIRST STREET","BOISE","Idaho","83712","208",NA,"414 N FIRST STREET, BOISE, Idaho, 83712",-116.1923138,43.6141497
"61",10161,"SLHS NAMPA FAMILY JUSTICE CENTER","1305 3RD STREET SOUTH","NAMPA","Idaho","83651","208","207-475-5700","1305 3RD STREET SOUTH, NAMPA, Idaho, 83651",-116.5607514,43.5761196
"62",10162,"SLHS DIAMOND STREET CLINIC","824 S DIAMOND STREET","NAMPA","Idaho","83686-5960","208","208-463-7300","824 S DIAMOND STREET, NAMPA, Idaho, 83686-5960",-116.5580774,43.5605125
"63",10163,"SLHS GREENHURST CLINIC","3165 GREENHURST ROAD","NAMPA","Idaho","83686-8655","208","208-463-7330","3165 GREENHURST ROAD, NAMPA, Idaho, 83686-8655",-116.5315474,43.5464248
"64",10164,"SLHS MAIN PROFFESIONAL BUILDING","300 MAIN STREET","BOISE","Idaho","83702","208","208-381-9270","300 MAIN STREET, BOISE, Idaho, 83702",-116.1978657,43.6131156
"65",10165,"SLHS NAMPA MEDICAL CENTER","9850 W ST LUKES DRIVE","NAMPA","Idaho","83687-7912",NA,NA,"9850 W ST LUKES DRIVE, NAMPA, Idaho, 83687-7912",-116.5634624,43.5407172
"66",10166,"SLHS JEFFERSON STREET OFFICE PLAZA","305 E JEFFERSON STREET","BOISE","Idaho","83712-6273","208",NA,"305 E JEFFERSON STREET, BOISE, Idaho, 83712-6273",-116.190675,43.612226
"67",10167,"SLHS FRUITLAND CENTENNIAL PLAZA","909 NW 16TH STREET","FRUITLAND","Idaho","83619","208",NA,"909 NW 16TH STREET, FRUITLAND, Idaho, 83619",-116.9257762,44.0260333
"68",10168,"SLHS BOISE VA MEDICAL CENTER","500 W FORT STREET","BOISE","Idaho","83724-4501",NA,NA,"500 W FORT STREET, BOISE, Idaho, 83724-4501",-116.1904838,43.6208798
"69",10169,"SLHS COLUMBIA BUSINESS PARK","2051 SUMMERSWEET DRIVE","BOISE","Idaho","83716-6695","208",NA,"2051 SUMMERSWEET DRIVE, BOISE, Idaho, 83716-6695",-116.157828,43.546763
"70",10170,"SLHS YANKE FAMILY RESEARCH PARK","220 E PARKCENTER BLVD","BOISE","Idaho","83706-3940","208","208-426-5710","220 E PARKCENTER BLVD, BOISE, Idaho, 83706-3940",-116.183329,43.599888
"71",10171,"NORTHWEST NAZARENE UNIVERSITY","623 S UNIVERSITY BOULEVARD","NAMPA","Idaho","83686-5800","208",NA,"623 S UNIVERSITY BOULEVARD, NAMPA, Idaho, 83686-5800",-116.5666671,43.5628389
"72",10172,"SLHS NAMPA GARRITY CLINIC","1200 GARRITY BOULEVARD","NAMPA","Idaho","83687-3402","208",NA,"1200 GARRITY BOULEVARD, NAMPA, Idaho, 83687-3402",-116.5494272,43.5869728
"73",10173,"VALOR HEALTH EMMETT","1202 E LOCUST STREET","EMMETT","Idaho","83617-2715","208",NA,"1202 E LOCUST STREET, EMMETT, Idaho, 83617-2715",-116.4848652,43.879196
"74",10174,"SLHS PORTICO WEST","3277 E LOUISE DRIVE","MERIDIAN","Idaho","83642-9359",NA,NA,"3277 E LOUISE DRIVE, MERIDIAN, Idaho, 83642-9359",-116.3540106,43.6015226
"75",10175,"SLHS TENTH AVENUE OFFICE PLAZA","1818 S 10TH AVENUE","CALDWELL","Idaho","83605-4838",NA,NA,"1818 S 10TH AVENUE, CALDWELL, Idaho, 83605-4838",-116.6934528,43.6538243
"76",10176,"SLHS CASCADE PLAZA MEDICAL OFFICE","8950 W EMERALD","BOISE","Idaho","83704-4854",NA,NA,"8950 W EMERALD, BOISE, Idaho, 83704-4854",-116.293384,43.6118565
"77",10177,"SLHS WEST POTOMAC MEDICAL OFFICE","7272 W POTOMAC DRIVE","BOISE","Idaho","83704-9149",NA,NA,"7272 W POTOMAC DRIVE, BOISE, Idaho, 83704-9149",-116.2726802,43.6113968
"78",10178,"SLHS WEST TWELFTH AVENUE PLACE","290 W GEORGIA AVENUE","NAMPA","Idaho","83686-2835",NA,NA,"290 W GEORGIA AVENUE, NAMPA, Idaho, 83686-2835",-116.575118,43.556398
"79",10179,"SLHS EAST TWELFTH AVENUE PLACE","210 W GEORGIA AVENUE","NAMPA","Idaho","53686-5688",NA,NA,"210 W GEORGIA AVENUE, NAMPA, Idaho, 53686-5688",-116.574643,43.556398
"80",10180,"SLHS SANTA FE SQUARE MERIDIAN","2275 S EAGLE ROAD","MERIDIAN","Idaho","83642-5079","208","208-947-2266","2275 S EAGLE ROAD, MERIDIAN, Idaho, 83642-5079",-116.3552428,43.5842597
"81",10181,"MAIN STREET PROFESSIONAL BUILDING","115 MAIN STREET","BOISE","Idaho","83702-7302","208",NA,"115 MAIN STREET, BOISE, Idaho, 83702-7302",-116.1954401,43.6115259
"82",10182,"PODIATRY CENTER OF IDAHO","1907 S BROADWAY AVENUE","BOISE","Idaho","83706",NA,NA,"1907 S BROADWAY AVENUE, BOISE, Idaho, 83706",-116.1941081,43.589638
"83",10183,"SAGE HEALTH CARE CENTER","413 N ALLUMBAUGH STREET","BOISE","Idaho","83704","208",NA,"413 N ALLUMBAUGH STREET, BOISE, Idaho, 83704",-116.267973,43.608556
"84",10184,"HAYES STREET MEDICAL PLAZA","608 HAYS STREET","BOISE","Idaho","83702","208",NA,"608 HAYS STREET, BOISE, Idaho, 83702",-116.1961173,43.6202409
"85",10185,"SLHS MERIDIAN SURGERY CENTER","520 S EAGLE ROAD","MERIDIAN","Idaho","83642","208",NA,"520 S EAGLE ROAD, MERIDIAN, Idaho, 83642",-116.3524898,43.5993675
"86",10186,"EMMETT SURGICAL SPECIALTY CLINIC","1024 E LOCUST STREET","EMMETT","Idaho","83617-2776","208","208-365-2338","1024 E LOCUST STREET, EMMETT, Idaho, 83617-2776",-116.4871426,43.8790731
"87",10187,"WEST VALLEY MEDICAL COMPLEX","1906 FAIRVIEW AVENUE","CALDWELL","Idaho","83605-5407","208",NA,"1906 FAIRVIEW AVENUE, CALDWELL, Idaho, 83605-5407",-116.694704,43.653037
"88",10188,"STATE STREET OFFICE PLAZA","111 WEST STATE STREET","BOISE","Idaho","83702-6127","208","208-381-2665","111 WEST STATE STREET, BOISE, Idaho, 83702-6127",-116.192994,43.61454
"89",10189,"JR SIMPLOT COMPANY - CALDWELL","16551 SIMPLOT BLVD","CALDWELL","Idaho","83605",NA,NA,"16551 SIMPLOT BLVD, CALDWELL, Idaho, 83605",-116.7244767,43.669632
"90",10190,"TALUS MEDICAL PLAZA","3875 E OVERLAND ROAD","MERIDIAN","Idaho","83642",NA,NA,"3875 E OVERLAND ROAD, MERIDIAN, Idaho, 83642",-116.3461767,43.5897348
"91",10191,"IDAHO STREET MEDICAL BUILDING","311 W IDAHO STREET","BOISE","Idaho","83702",NA,NA,"311 W IDAHO STREET, BOISE, Idaho, 83702",-116.1975821,43.6134535
"92",10192,"CARRIAGE CROSSING MEDICAL BUILDING","2475 APPLE STREET","BOISE","Idaho","83706",NA,NA,"2475 APPLE STREET, BOISE, Idaho, 83706",-116.1741725,43.5805303
"93",10193,"KARCHER PLAZA CALDWELL","1709 NAMPA CALDWELL BLVD","NAMPA","Idaho","83651",NA,NA,"1709 NAMPA CALDWELL BLVD, NAMPA, Idaho, 83651",-116.6019623,43.6045942
"94",10194,"GEORGIA AVENUE MEDICAL BUILDING","207 W GEORGIA AVENUE","NAMPA","Idaho","83686",NA,NA,"207 W GEORGIA AVENUE, NAMPA, Idaho, 83686",-116.574572,43.555619
"95",10195,"STATE STREET MEDICAL BUILDING","6052 W STATE STREET","BOISE","Idaho","83703",NA,NA,"6052 W STATE STREET, BOISE, Idaho, 83703",-116.2639398,43.6596955
"96",10196,"LAKEHARBOR PLAZA","2999 N LAKEHARBOR LANE","BOISE","Idaho","83703",NA,NA,"2999 N LAKEHARBOR LANE, BOISE, Idaho, 83703",-116.2567934,43.6540982
"97",10197,"RIVERSHORE PLAZA","533 S RIVERSHORE LANE","EAGLE","Idaho","83616",NA,NA,"533 S RIVERSHORE LANE, EAGLE, Idaho, 83616",-116.3562514,43.6898562
"98",10198,"SECOND STREET SOUTH PLAZA","172 2ND STREET SOUTH","NAMPA","Idaho","83651",NA,NA,"172 2ND STREET SOUTH, NAMPA, Idaho, 83651",-116.5709377,43.5854735
"99",10199,"SLHS TREASURE VALLEY PARENT LOCATION","190 E BANNOCK ST","BOISE","Idaho","83712-6241","208",NA,"190 E BANNOCK ST, BOISE, Idaho, 83712-6241",-116.1924344,43.6125798
"100",10200,"SLHS WOOD RIVER MEDICAL CENTER","100 HOSPITAL DRIVE","KETCHUM","Idaho","83340-0000","208","727-8800","100 HOSPITAL DRIVE, KETCHUM, Idaho, 83340-0000",-114.3495026,43.6485462
"101",10201,"SLHS WOOD RIVER PHYSICIAN CENTER","101 HOSPITAL DRIVE","KETCHUM","Idaho","83340","208",NA,"101 HOSPITAL DRIVE, KETCHUM, Idaho, 83340",-114.3488877,43.6494614
"102",10202,"SLHS SUN VALLEY SPORTS MEDICINE","191 5TH STREET WEST","KETCHUM","Idaho","83340","208",NA,"191 5TH STREET WEST, KETCHUM, Idaho, 83340",-114.3674133,43.6805567
"103",10203,"SLHS WOOD RIVER FAMILY MEDICINE","1450 AVIATION DRIVE SUITE 100","HAILEY","Idaho","83340","208",NA,"1450 AVIATION DRIVE SUITE 100, HAILEY, Idaho, 83340",-114.3026785,43.5047158
"104",10204,"SLHS SALMON RIVER CLINIC","110 NIECE AVENUE","STANLEY","Idaho","83278","208",NA,"110 NIECE AVENUE, STANLEY, Idaho, 83278",-114.939508,44.214074
"105",10205,"SLHS CHALLIS CLINIC","1 CLINIC ROAD","CHALLIS","Idaho","83226","208","879-4351","1 CLINIC ROAD, CHALLIS, Idaho, 83226",-114.22661,44.511692
"106",10206,"MAPLE STREET OFFICE PLAZA","21 E MAPLE SUITE A","HAILEY","Idaho","83333","208","208-788-3200","21 E MAPLE SUITE A, HAILEY, Idaho, 83333",-114.3100751,43.514293
"107",10208,"SLHS WESTRIDGE","640 2ND AVENUE SOUTH","KETCHUM","Idaho","83340","208","208-622-8811","640 2ND AVENUE SOUTH, KETCHUM, Idaho, 83340",-114.3620654,43.6737302
"108",10299,"SLHS WOOD RIVER PARENT LOCATION",NA,NA,NA,NA,NA,NA,"NA, NA, NA, NA",18.49041,-22.95764
"109",10300,"SLHS MCCALL MEDICAL CENTER","1000 STATE STREET","MCCALL","Idaho","83638","208","634-4061","1000 STATE STREET, MCCALL, Idaho, 83638",-116.1100499,44.90904
"110",10301,"SLHS MCCALL INTEGRATIVE MEDICINE CLINIC","203 HEWITT STREET","MCCALL","Idaho","83638","208",NA,"203 HEWITT STREET, MCCALL, Idaho, 83638",-116.1102344,44.9096684
"111",10302,"SLHS MCCALL MEDICAL OFFICE PLAZA","209 FOREST STREET","MCCALL","Idaho","83638","208",NA,"209 FOREST STREET, MCCALL, Idaho, 83638",-116.1114177,44.908856
"112",10303,"SLHS PAYETTE LAKES MEDICAL CLINIC","211 FOREST STREET","MCCALL","Idaho","83638","208","634-2225","211 FOREST STREET, MCCALL, Idaho, 83638",-116.1116918,44.9092053
"113",10304,"SLHS SALMON RIVER MEDICAL CLINIC","214 MAIN STREET","RIGGINS","Idaho","83549","208",NA,"214 MAIN STREET, RIGGINS, Idaho, 83549",-116.3150119,45.4218504
"114",10305,"SLHS MEADOW VALLEY CLINIC","320 VIRGINIA AVENUE","NEW MEADOWS","Idaho","83654","208",NA,"320 VIRGINIA AVENUE, NEW MEADOWS, Idaho, 83654",-116.282942,44.9711222
"115",10306,"SLHS MCCALL SLEEP - ALLEN NOKES CENTER","200 FORREST STREET","KUNA","Idaho","83634",NA,NA,"200 FORREST STREET, KUNA, Idaho, 83634",-116.5304925,43.471545
"116",10307,"DEINHARD LANE","301 DEINHARD LANE","MCCALL","Idaho","83638-4703","208","208-630-2450","301 DEINHARD LANE, MCCALL, Idaho, 83638-4703",-116.0994983,44.897929
"117",10399,"SLHS MCCALL PARENT LOCATION",NA,NA,NA,NA,NA,NA,"NA, NA, NA, NA",18.49041,-22.95764
"118",10400,"SLHS MAGIC VALLEY MEDICAL CENTER","801 POLE LINE ROAD WEST","TWIN FALLS","Idaho","83301","208","208-814-1000","801 POLE LINE ROAD WEST, TWIN FALLS, Idaho, 83301",-114.4959781,42.5907332
"119",10401,"SLHS MORRISON STREET CLINIC","141 MORRISON STREET","TWIN FALLS","Idaho","83301","208","734-1266","141 MORRISON STREET, TWIN FALLS, Idaho, 83301",-114.492862,42.563302
"120",10402,"SLHS GOODING CARDIOLOGY CLINIC","1120 MONTANA STREET","GOODING","Idaho","83330","208",NA,"1120 MONTANA STREET, GOODING, Idaho, 83330",-114.710284,42.93424
"121",10403,"SLHS JEROME SICA","115 5TH AVENUE WEST","JEROME","Idaho","83338","208",NA,"115 5TH AVENUE WEST, JEROME, Idaho, 83338",-114.519371,42.7289061
"122",10404,"SLHS RUPERT CARDIOLOGY CLINIC","1218 9TH STREET SUITE 12","RUPERT","Idaho","83350","208",NA,"1218 9TH STREET SUITE 12, RUPERT, Idaho, 83350",-113.6822347,42.6206335
"123",10405,"SLHS BURLEY ISO","1263 BENNETT AVENUE SUITE 1","BURLEY","Idaho","83301","208","420-4982","1263 BENNETT AVENUE SUITE 1, BURLEY, Idaho, 83301",-113.7801272,42.536964
"124",10406,"SLHS BURLEY HIGHLAND STREET CLINIC","1501 HIGHLAND SUITE B","BURLEY","Idaho","83318","208",NA,"1501 HIGHLAND SUITE B, BURLEY, Idaho, 83318",-113.7819499,42.6032124
"125",10407,"SLHS ELKO PHYSICAL MEDICINE","1825 PINION ROAD SUITE C","ELKO","Nevada","89801","775","777-9600","1825 PINION ROAD SUITE C, ELKO, Nevada, 89801",-115.7348536,40.831723
"126",10409,"SLHS MAGIC VALLEY MEDICAL PLAZA","775 POLE LINE ROAD WEST","TWIN FALLS","Idaho","83301","208",NA,"775 POLE LINE ROAD WEST, TWIN FALLS, Idaho, 83301",-114.4956624,42.591584
"127",10410,"SLHS MAGIC VALLEY MOUNTAIN STATES TUMOR INSTITUTE","725 POLE LINE ROAD WEST","TWIN FALLS","Idaho","83301","208","208-814-1600","725 POLE LINE ROAD WEST, TWIN FALLS, Idaho, 83301",-114.4950526,42.5915806
"128",10411,"SLHS CASSIA CLINIC","1263 BENNETT AVENUE SUITE 1","BURLEY","Idaho","83318-4906","208",NA,"1263 BENNETT AVENUE SUITE 1, BURLEY, Idaho, 83318-4906",-113.7801272,42.536964
"129",10412,"SLHS IDAHO ORTHOPAEDIC AND SPORTS CLINIC","560 MEMORIAL DRIVE","POCATELLO","Idaho","83201",NA,NA,"560 MEMORIAL DRIVE, POCATELLO, Idaho, 83201",-112.4301124,42.8695952
"130",10413,"SLHS THE PEDIATRIC CENTER","3430 WASHINGTON PARKWAY","IDAHO FALLS","Idaho","83404","208",NA,"3430 WASHINGTON PARKWAY, IDAHO FALLS, Idaho, 83404",-111.993699,43.466794
"131",10414,"SLHS ST LUKES CLINIC MULTISPEC","115 5TH AVENUE WEST","JEROME","Idaho","83338-1824","208",NA,"115 5TH AVENUE WEST, JEROME, Idaho, 83338-1824",-114.519371,42.7289061
"132",10415,"SLHS MAGIC VALLEY ADDISON STREET CLINIC","2550 ADDISON AVENUE EAST","TWIN FALLS","Idaho","83301","208",NA,"2550 ADDISON AVENUE EAST, TWIN FALLS, Idaho, 83301",-114.4317044,42.5623221
"133",10416,"NORTH CANYON MEDICAL CENTER - GOODING","267 N CANYON DRIVE","GOODING","Idaho","83330-5500","208",NA,"267 N CANYON DRIVE, GOODING, Idaho, 83330-5500",-114.7109877,42.9234862
"134",10417,"ST LUKES CANYON VIEW BEHAVIORAL HEALTH SERVICES","228 SHOUP AVENUE WEST","TWIN FALLS","Idaho","83301-5022",NA,NA,"228 SHOUP AVENUE WEST, TWIN FALLS, Idaho, 83301-5022",-114.4831442,42.5661582
"135",10418,"SLHS NAPLES BUILDING",NA,NA,NA,NA,"208","208-814-7215","NA, NA, NA, NA",18.49041,-22.95764
"136",10419,"SLHS ROME BUILDING",NA,NA,NA,NA,"208","208-814-7049","NA, NA, NA, NA",18.49041,-22.95764
"137",10420,"SLHS PALERMO","738 N COLLEGE ROAD SUITE C","TWIN FALLS","Idaho","83301-3387","208","208-814-7049","738 N COLLEGE ROAD SUITE C, TWIN FALLS, Idaho, 83301-3387",-114.4634397,42.5825391
"138",10421,"ST LUKES JEROME MEDICAL CENTER",NA,NA,NA,NA,"208","208-324-4301","NA, NA, NA, NA",18.49041,-22.95764
"139",10422,"ST LUKES JEROME OUTPATIENT SERVICES","120 5TH AVENUE WEST","JEROME","Idaho","83338","208","208-814-9763","120 5TH AVENUE WEST, JEROME, Idaho, 83338",-114.5184886,42.7293647
"140",10423,"SLHS MAGIC VALLEY RENAISSANCE OFFICE PARK","730 N COLLEGE ROAD","TWIN FALLS","Idaho","83301","208","208-933-4619","730 N COLLEGE ROAD, TWIN FALLS, Idaho, 83301",-114.4633859,42.5848294
"141",10424,"MINIDOKA MEMORIAL HOSPITAL","1224 8TH STREET","RUPERT","Idaho","83350-2207","208","208-434-8453","1224 8TH STREET, RUPERT, Idaho, 83350-2207",-113.6864323,42.6196389
"142",10425,"GENOA BUILDING","746 NORTH COLLEGE ROAD","TWIN FALLS","Idaho","83301-3486","208","208-814-7271","746 NORTH COLLEGE ROAD, TWIN FALLS, Idaho, 83301-3486",-114.463613,42.583128
"143",10426,"SOUTHERN IDAHO PROFESSIONAL CENTER","414 SHOUP AVENUE WEST","TWIN FALLS","Idaho","83301-5042","208","208-814-9100","414 SHOUP AVENUE WEST, TWIN FALLS, Idaho, 83301-5042",-114.487712,42.565684
"144",10427,"JEROME FAMILY CLINIC","132 5TH AVENUE WEST","JEROME","Idaho","83338","208","208-814-9850","132 5TH AVENUE WEST, JEROME, Idaho, 83338",-114.5200337,42.7298052
"145",10428,"SLHS PORTIFINO","730 NORTH COLLEGE ROAD SUITE A","TWIN FALLS","Idaho","83301-3382","208","208-814-8000","730 NORTH COLLEGE ROAD SUITE A, TWIN FALLS, Idaho, 83301-3382",-114.4633859,42.5848294
"146",10429,"SLHS BUHL","529 BROADWAY AVENUE SOUTH","BUHL","Idaho","83316","208","208-814-8000","529 BROADWAY AVENUE SOUTH, BUHL, Idaho, 83316",-114.754751,42.5949979
"147",10430,"SLHS MAGIC VALLEY SURGERY CENTER","575 POLE LINE ROAD WEST","TWIN FALLS","Idaho","83301",NA,NA,"575 POLE LINE ROAD WEST, TWIN FALLS, Idaho, 83301",-114.4916985,42.5915693
"148",10431,"SLHS ST LUKES MAGIC VALLEY","725 POLE LINE ROAD","TWIN FALLS","Idaho","83301","208","208-814-1600","725 POLE LINE ROAD, TWIN FALLS, Idaho, 83301",-114.4656946,42.5920264
"149",10499,"SLHS MAGIC VALLEY PARENT LOCATION",NA,NA,NA,NA,NA,NA,"NA, NA, NA, NA",18.49041,-22.95764
"150",10500,"SLHS EASTERN OREGON MEDICAL ASSOCIATES","3950 17TH STREET SUITE A","BAKER CITY","Oregon","97814","541",NA,"3950 17TH STREET SUITE A, BAKER CITY, Oregon, 97814",-117.848931,44.795116
"151",10502,"SLHS PRESBYTERIAN COMMUNITY CARE CENTER","1085 NORTH OREGON STREET","ONTARIO","Oregon","97914","541",NA,"1085 NORTH OREGON STREET, ONTARIO, Oregon, 97914",-116.9647419,44.03737
"152",10503,"SLHS STARK MEDICAL","932 WEST IDAHO AVENUE","ONTARIO","Oregon","97914","541","889-2244","932 WEST IDAHO AVENUE, ONTARIO, Oregon, 97914",-116.974627,44.028292
"153",10504,"SLHS BAKER CITY REGIONAL CLINIC","3175 POCAHONTAS ROAD","BAKER CITY","Oregon","97814","541",NA,"3175 POCAHONTAS ROAD, BAKER CITY, Oregon, 97814",-117.845168,44.795785
"154",10505,"SLHS UNION COUNTY HEALTH CENTER","142 E DEARBORN STREET","UNION","Oregon","97883","541",NA,"142 E DEARBORN STREET, UNION, Oregon, 97883",-117.865163,45.206866
"155",10506,"SLHS ONTARIO REGIONAL CLINIC","1050 SW 3RD AVENUE SUITE 400","ONTARIO","Oregon","97914","541",NA,"1050 SW 3RD AVENUE SUITE 400, ONTARIO, Oregon, 97914",-116.9773322,44.0253633
"156",10507,"SLHS LAGRANDE REGIONAL CLINIC","506 4TH STREET","LAGRANDE","Oregon","83712","541",NA,"506 4TH STREET, LAGRANDE, Oregon, 83712",-118.0971161,45.3166125
"157",10508,"SLHS EASTERN OREGON - FRESENIUS MEDICAL","710 SUNSET DRIVE","LA GRANDE","Oregon","97850","541",NA,"710 SUNSET DRIVE, LA GRANDE, Oregon, 97850",-118.1052342,45.318455
"158",10509,"SLHS BAKER CITY SPECIALTY SERVICES CENTER","3445 POCAHONTAS ROAD","BAKER CITY","Oregon","97814-3599","541",NA,"3445 POCAHONTAS ROAD, BAKER CITY, Oregon, 97814-3599",-117.8499581,44.7961423
"159",10510,"FRESENIUS MEDICAL CARE - EASTERN OREGON","10601 WALTON ROAD","ISLAND CITY","Oregon","97850-8488","208",NA,"10601 WALTON ROAD, ISLAND CITY, Oregon, 97850-8488",-118.0571408,45.3347105
"160",10511,"ROOSTER PEAK PROFESSIONAL BUILDING","401 ADAMS AVENUE","LA GRANDE","Oregon","97850","541","541-523-1001","401 ADAMS AVENUE, LA GRANDE, Oregon, 97850",-118.103989,45.3298065
"161",10512,"ONTARIO MEDICAL BUILDING","1182 SW 4TH AVENUE","ONTARIO","Oregon","97914",NA,NA,"1182 SW 4TH AVENUE, ONTARIO, Oregon, 97914",-116.9803307,44.0245848
"162",10599,"SLHS OREGON PARENT LOCATION",NA,NA,NA,NA,NA,NA,"NA, NA, NA, NA",18.49041,-22.95764
"163",10600,"NAMPA GEORGIA MEDICAL BUILDING","290 W GEORGIA AVENUE","NAMPA","Idaho","83686",NA,NA,"290 W GEORGIA AVENUE, NAMPA, Idaho, 83686",-116.575118,43.556398
"164",10601,"ELKS INPATIENT REHAB FACILITY","600 N ROBBINS ROAD","BOISE","Idaho","83702",NA,NA,"600 N ROBBINS ROAD, BOISE, Idaho, 83702",-116.1931489,43.616272
"165",10602,"SLHS ELKS SKILLED NURSING FACILITY","600 N ROBBINS ROAD","BOISE","Idaho","83702",NA,NA,"600 N ROBBINS ROAD, BOISE, Idaho, 83702",-116.1931489,43.616272
"166",10603,"SECOND STREET SOUTH NAMPA","170 2ND STREET SOUTH","NAMPA","Idaho","83651",NA,NA,"170 2ND STREET SOUTH, NAMPA, Idaho, 83651",-116.5710157,43.5855369
"167",10604,"MYRTLE STREET OFFICE PLAZA","405 W MYRTLE STREET","BOISE","Idaho","83702",NA,NA,"405 W MYRTLE STREET, BOISE, Idaho, 83702",-116.20212,43.610042
"168",10605,"CLEVELAND BLVD CALDWELL","2615 E CLEVELAND BLVD","CALDWELL","Idaho","83605-4440",NA,NA,"2615 E CLEVELAND BLVD, CALDWELL, Idaho, 83605-4440",-116.6698714,43.6513584
"169",10606,"BOISE SENIOR CENTER","690 E ROBBINS ROAD","BOISE","Idaho","83702",NA,NA,"690 E ROBBINS ROAD, BOISE, Idaho, 83702",-116.1906785,43.6166843
"170",10607,"EAGLE SENIOR CENTER","312 E STATE STREET","EAGLE","Idaho","83616",NA,NA,"312 E STATE STREET, EAGLE, Idaho, 83616",-116.3507616,43.6951911
"171",10608,"MALLARD POINTE SENIOR CENTER","508 E 50TH","BOISE","Idaho","83714",NA,NA,"508 E 50TH, BOISE, Idaho, 83714",-116.2630933,43.6468064
"172",10609,"MOUNTAIN VIEW CHURCH","2823 N COLE ROAD","BOISE","Idaho","83704",NA,NA,"2823 N COLE ROAD, BOISE, Idaho, 83704",-116.2744284,43.6308661
"173",10610,"SAINT MARKS CHURCH","7500 NORTHVIEW STREET","BOISE","Idaho","83704",NA,NA,"7500 NORTHVIEW STREET, BOISE, Idaho, 83704",-116.275617,43.6266647
"174",10611,"ST LUKES ELMORE MEDICAL CENTER","895 N 6TH E STREET","MOUNTAIN HOME","Idaho","83647","208","208-587-8401","895 N 6TH E STREET, MOUNTAIN HOME, Idaho, 83647",-115.6930234,43.1387856
"175",10700,"HOME CARE BOISE",NA,NA,NA,NA,"208","208-381-2138","NA, NA, NA, NA",18.49041,-22.95764
"176",10701,"HOSPICE BOISE",NA,NA,"Idaho",NA,"208","208-381-2721","NA, NA, Idaho, NA",NA,NA
"177",10702,"HOME CARE WOOD RIVER",NA,NA,NA,NA,"208","208-727-8765","NA, NA, NA, NA",18.49041,-22.95764
"178",10703,"HOME CARE MAGIC VALLEY",NA,NA,NA,NA,"208","208-814-7600","NA, NA, NA, NA",18.49041,-22.95764
"179",10704,"HOSPICE MAGIC VALLEY",NA,NA,"Idaho",NA,"208","208-814-7600","NA, NA, Idaho, NA",NA,NA
"180",10705,"HOME CARE MCCALL",NA,NA,NA,NA,"208","208-630-2440","NA, NA, NA, NA",18.49041,-22.95764
"181",10706,"HOSPICE MCCALL",NA,NA,"Idaho",NA,"208","208-630-2440","NA, NA, Idaho, NA",NA,NA
"182",10997,"ST. LUKES HEALTH SYSTEM","ST.LUKES HEALTH SYSTEM","BOISE","Idaho","83701","208",NA,"ST.LUKES HEALTH SYSTEM, BOISE, Idaho, 83701",-116.2173542,43.6136565
"183",10998,"SLHS SUPPORT LOCATION",NA,NA,NA,NA,NA,NA,"NA, NA, NA, NA",18.49041,-22.95764
"184",10999,"SLHS CENTRAL BILLING OFFICE",NA,"BOISE","Idaho","53593",NA,NA,"NA, BOISE, Idaho, 53593",-89.5686271,42.999243
"185",11100,"SIMPLOT CALDWELL","16551 SIMPLOT BLVD","CALDWELL","Idaho","83607",NA,NA,"16551 SIMPLOT BLVD, CALDWELL, Idaho, 83607",-116.7244767,43.669632
"186",21100,"BOISE KIDNEY - BOISE","1109 W MYRTLE STREET
SUITE 100","BOISE","Idaho","83702-6971","208","208-846-8335","1109 W MYRTLE STREET
SUITE 100, BOISE, Idaho, 83702-6971",-116.210752,43.615187
"187",21101,"BOISE KIDNEY - CALDWELL","4620 ENTERPRISE WAY
SUITE 101","CALDWELL","Idaho","83605-6764","208","208-846-8335","4620 ENTERPRISE WAY
SUITE 101, CALDWELL, Idaho, 83605-6764",-116.640893,43.660996
"188",21102,"BOISE KIDNEY - MERIDIAN","3525 E LOUISE DRIVE
SUITE 100","MERIDIAN","Idaho","83642-6303","208","208-846-8335","3525 E LOUISE DRIVE
SUITE 100, MERIDIAN, Idaho, 83642-6303",-116.3499193,43.6017684
"189",23100,"MWB MISTRY WOLF","341 E Bannock St","Boise","Idaho","83712","208","208-342-7033","341 E Bannock St, Boise, Idaho, 83712",-116.1907678,43.6111233
